"Selected Nomen","Native Nomen","Reporter","Reporter Name","Product","Product Name","Tariff Year","Trade Year","Trade Source","DutyType","Simple Average","Standard Deviation","Minimum Rate","Maximum Rate","Nbr of Total Lines","Nbr of DomesticPeaks","Nbr of InternationalPeaks","Imports Value in 1000 USD","Binding Coverage","Simple Tariff Line Average","Brazil"
"HS","HS","","All countries  All --- All  ","01","LIVE ANIMALS",1996,,,"AHS",4.98,6.52,0,40,98,1,6,,,6.76,
"HS","HS","","All countries  All --- All  ","01","LIVE ANIMALS",1997,,,"AHS",5.49,5.11,0,20,113,0,3,,,6.03,
"HS","HS","","All countries  All --- All  ","01","LIVE ANIMALS",1998,,,"AHS",4.09,4.74,0,20,103,0,1,,,3.42,
"HS","HS","","All countries  All --- All  ","01","LIVE ANIMALS",1999,,,"AHS",5.33,5.62,0,23,123,0,4,,,6.36,
"HS","HS","","All countries  All --- All  ","01","LIVE ANIMALS",2000,,,"AHS",5.16,6.9,0,46.15,129,2,5,,,6.34,
"HS","HS","","All countries  All --- All  ","01","LIVE ANIMALS",2001,,,"AHS",5.82,5.21,0,23,168,0,3,,,5.95,
"HS","HS","","All countries  All --- All  ","01","LIVE ANIMALS",2002,,,"AHS",4.32,4.96,0,23,182,0,2,,,4.41,
"HS","HS","","All countries  All --- All  ","01","LIVE ANIMALS",2003,,,"AHS",4.68,5.92,0,23,97,0,6,,,5.92,
"HS","HS","","All countries  All --- All  ","01","LIVE ANIMALS",2004,,,"AHS",4.05,6.33,0,30,131,0,7,,,4.81,
"HS","HS","","All countries  All --- All  ","01","LIVE ANIMALS",2005,,,"AHS",5,7.12,0,30,171,1,17,,,5.53,
"HS","HS","","All countries  All --- All  ","01","LIVE ANIMALS",2006,,,"AHS",5.63,7.81,0,40,171,3,18,,,5.85,
"HS","HS","","All countries  All --- All  ","01","LIVE ANIMALS",2007,,,"AHS",6.03,8.49,0,30,181,0,25,,,6.19,
"HS","HS","","All countries  All --- All  ","01","LIVE ANIMALS",2008,,,"AHS",5.04,7.43,0,30,181,0,18,,,5.31,
"HS","HS","","All countries  All --- All  ","01","LIVE ANIMALS",2009,,,"AHS",3.98,6.52,0,30,169,0,13,,,4.64,
"HS","HS","","All countries  All --- All  ","01","LIVE ANIMALS",2010,,,"AHS",6.72,33.93,0,135,179,14,30,,,14.87,
"HS","HS","","All countries  All --- All  ","01","LIVE ANIMALS",2011,,,"AHS",5.94,25.88,0,135,170,17,29,,,10.63,
"HS","HS","","All countries  All --- All  ","01","LIVE ANIMALS",2012,,,"AHS",3.33,7.07,0,30,141,7,12,,,4.17,
"HS","HS","","All countries  All --- All  ","01","LIVE ANIMALS",2013,,,"AHS",6.45,22.37,0,135,173,16,29,,,10.37,
"HS","HS","","All countries  All --- All  ","01","LIVE ANIMALS",2014,,,"AHS",4.11,6.17,0,30,147,5,10,,,4.11,
"HS","HS","","All countries  All --- All  ","01","LIVE ANIMALS",2015,,,"AHS",3.11,5.27,0,30,145,3,5,,,3.16,
"HS","HS","","All countries  All --- All  ","01","LIVE ANIMALS",2016,,,"AHS",4.74,22.44,0,135,160,16,21,,,9.23,
"HS","HS","","All countries  All --- All  ","01","LIVE ANIMALS",2017,,,"AHS",3.34,6.7,0,30,107,4,8,,,3.81,
"HS","HS","","All countries  All --- All  ","01","LIVE ANIMALS",2018,,,"AHS",3.07,5.28,0,30,114,3,4,,,3.69,
"HS","HS","","All countries  All --- All  ","02","MEAT AND EDIBLE MEAT OFFAL",1996,,,"AHS",22.32,42.89,0,325.26,298,69,93,,,24.65,
"HS","HS","","All countries  All --- All  ","02","MEAT AND EDIBLE MEAT OFFAL",1997,,,"AHS",22.12,42.59,0,376.5,392,65,101,,,21.97,
"HS","HS","","All countries  All --- All  ","02","MEAT AND EDIBLE MEAT OFFAL",1998,,,"AHS",18.47,40.92,0,314.5,357,75,121,,,22.33,
"HS","HS","","All countries  All --- All  ","02","MEAT AND EDIBLE MEAT OFFAL",1999,,,"AHS",14.35,48.57,0,506.28,471,93,138,,,24.14,
"HS","HS","","All countries  All --- All  ","02","MEAT AND EDIBLE MEAT OFFAL",2000,,,"AHS",13.1,27.75,0,220.46,624,116,213,,,18.95,
"HS","HS","","All countries  All --- All  ","02","MEAT AND EDIBLE MEAT OFFAL",2001,,,"AHS",10.17,15.33,0,131.5,790,57,123,,,11.42,
"HS","HS","","All countries  All --- All  ","02","MEAT AND EDIBLE MEAT OFFAL",2002,,,"AHS",11.12,13.99,0,128,998,72,171,,,12.17,
"HS","HS","","All countries  All --- All  ","02","MEAT AND EDIBLE MEAT OFFAL",2003,,,"AHS",11.44,18.5,0,169.82,1007,72,203,,,13.54,
"HS","HS","","All countries  All --- All  ","02","MEAT AND EDIBLE MEAT OFFAL",2004,,,"AHS",11.22,19.6,0,275,1050,97,238,,,12.72,
"HS","HS","","All countries  All --- All  ","02","MEAT AND EDIBLE MEAT OFFAL",2005,,,"AHS",11.35,18.88,0,275,1265,115,292,,,12.85,
"HS","HS","","All countries  All --- All  ","02","MEAT AND EDIBLE MEAT OFFAL",2006,,,"AHS",11.92,16.95,0,124,1318,197,308,,,13.23,
"HS","HS","","All countries  All --- All  ","02","MEAT AND EDIBLE MEAT OFFAL",2007,,,"AHS",11.53,24.22,0,254,1335,179,279,,,13.99,
"HS","HS","","All countries  All --- All  ","02","MEAT AND EDIBLE MEAT OFFAL",2008,,,"AHS",11.51,19.71,0,254,1347,140,269,,,12.85,
"HS","HS","","All countries  All --- All  ","02","MEAT AND EDIBLE MEAT OFFAL",2009,,,"AHS",11.31,14.84,0,164,1325,107,264,,,11.97,
"HS","HS","","All countries  All --- All  ","02","MEAT AND EDIBLE MEAT OFFAL",2010,,,"AHS",12.41,19.01,0,254,1312,96,308,,,13.45,
"HS","HS","","All countries  All --- All  ","02","MEAT AND EDIBLE MEAT OFFAL",2011,,,"AHS",12.38,14.2,0,116,1202,104,240,,,12.1,
"HS","HS","","All countries  All --- All  ","02","MEAT AND EDIBLE MEAT OFFAL",2012,,,"AHS",11.3,19.71,0,254,1256,104,222,,,12.14,
"HS","HS","","All countries  All --- All  ","02","MEAT AND EDIBLE MEAT OFFAL",2013,,,"AHS",12.29,20.43,0,200,1217,125,269,,,14.03,
"HS","HS","","All countries  All --- All  ","02","MEAT AND EDIBLE MEAT OFFAL",2014,,,"AHS",12.14,21.37,0,200,1095,115,216,,,14.02,
"HS","HS","","All countries  All --- All  ","02","MEAT AND EDIBLE MEAT OFFAL",2015,,,"AHS",11.74,18.61,0,125,1047,126,229,,,14.7,
"HS","HS","","All countries  All --- All  ","02","MEAT AND EDIBLE MEAT OFFAL",2016,,,"AHS",14.15,25.71,0,310,1147,173,292,,,17,
"HS","HS","","All countries  All --- All  ","02","MEAT AND EDIBLE MEAT OFFAL",2017,,,"AHS",12.76,17.59,0,164,689,118,128,,,13.69,
"HS","HS","","All countries  All --- All  ","02","MEAT AND EDIBLE MEAT OFFAL",2018,,,"AHS",14.83,28.95,0,260,771,152,152,,,17.02,
"HS","HS","","All countries  All --- All  ","03","FISH AND CRUSTACEANS, MOLLUSCS AND OTHER AQUATIC I",1996,,,"AHS",6.8,10.89,0,55,307,7,67,,,10.43,
"HS","HS","","All countries  All --- All  ","03","FISH AND CRUSTACEANS, MOLLUSCS AND OTHER AQUATIC I",1997,,,"AHS",6.99,7.85,0,45,378,2,68,,,9.95,
"HS","HS","","All countries  All --- All  ","03","FISH AND CRUSTACEANS, MOLLUSCS AND OTHER AQUATIC I",1998,,,"AHS",8.63,9.87,0,50,379,8,85,,,11.53,
"HS","HS","","All countries  All --- All  ","03","FISH AND CRUSTACEANS, MOLLUSCS AND OTHER AQUATIC I",1999,,,"AHS",8.04,9.11,0,60,378,8,69,,,10.2,
"HS","HS","","All countries  All --- All  ","03","FISH AND CRUSTACEANS, MOLLUSCS AND OTHER AQUATIC I",2000,,,"AHS",7.85,12.73,0,145,598,11,99,,,10.63,
"HS","HS","","All countries  All --- All  ","03","FISH AND CRUSTACEANS, MOLLUSCS AND OTHER AQUATIC I",2001,,,"AHS",9.02,9.52,0,65,539,91,102,,,10.03,
"HS","HS","","All countries  All --- All  ","03","FISH AND CRUSTACEANS, MOLLUSCS AND OTHER AQUATIC I",2002,,,"AHS",9.6,12.79,0,145,710,112,112,,,9.74,
"HS","HS","","All countries  All --- All  ","03","FISH AND CRUSTACEANS, MOLLUSCS AND OTHER AQUATIC I",2003,,,"AHS",9.25,13.42,0,145,796,112,136,,,11.44,
"HS","HS","","All countries  All --- All  ","03","FISH AND CRUSTACEANS, MOLLUSCS AND OTHER AQUATIC I",2004,,,"AHS",8.68,9.43,0,70,727,124,125,,,9.4,
"HS","HS","","All countries  All --- All  ","03","FISH AND CRUSTACEANS, MOLLUSCS AND OTHER AQUATIC I",2005,,,"AHS",8.41,9.32,0,90,692,116,114,,,9.88,
"HS","HS","","All countries  All --- All  ","03","FISH AND CRUSTACEANS, MOLLUSCS AND OTHER AQUATIC I",2006,,,"AHS",8.24,8.67,0,90,741,103,106,,,9.32,
"HS","HS","","All countries  All --- All  ","03","FISH AND CRUSTACEANS, MOLLUSCS AND OTHER AQUATIC I",2007,,,"AHS",6.92,8.74,0,90,693,98,85,,,8.62,
"HS","HS","","All countries  All --- All  ","03","FISH AND CRUSTACEANS, MOLLUSCS AND OTHER AQUATIC I",2008,,,"AHS",7.85,8.31,0,53,726,87,95,,,9.23,
"HS","HS","","All countries  All --- All  ","03","FISH AND CRUSTACEANS, MOLLUSCS AND OTHER AQUATIC I",2009,,,"AHS",7.16,7.37,0,53,742,90,84,,,8.5,
"HS","HS","","All countries  All --- All  ","03","FISH AND CRUSTACEANS, MOLLUSCS AND OTHER AQUATIC I",2010,,,"AHS",6.67,7.73,0,50,574,54,58,,,7.3,
"HS","HS","","All countries  All --- All  ","03","FISH AND CRUSTACEANS, MOLLUSCS AND OTHER AQUATIC I",2011,,,"AHS",6.05,7.98,0,50,595,40,54,,,5.98,
"HS","HS","","All countries  All --- All  ","03","FISH AND CRUSTACEANS, MOLLUSCS AND OTHER AQUATIC I",2012,,,"AHS",4.58,8.5,0,43,476,32,60,,,6.03,
"HS","HS","","All countries  All --- All  ","03","FISH AND CRUSTACEANS, MOLLUSCS AND OTHER AQUATIC I",2013,,,"AHS",5.55,8.53,0,50,443,29,64,,,7.53,
"HS","HS","","All countries  All --- All  ","03","FISH AND CRUSTACEANS, MOLLUSCS AND OTHER AQUATIC I",2014,,,"AHS",6.41,9.14,0,50,436,54,66,,,8.1,
"HS","HS","","All countries  All --- All  ","03","FISH AND CRUSTACEANS, MOLLUSCS AND OTHER AQUATIC I",2015,,,"AHS",5.83,9.25,0,50,430,59,59,,,7.76,
"HS","HS","","All countries  All --- All  ","03","FISH AND CRUSTACEANS, MOLLUSCS AND OTHER AQUATIC I",2016,,,"AHS",6.55,9.35,0,50,488,71,84,,,7.86,
"HS","HS","","All countries  All --- All  ","03","FISH AND CRUSTACEANS, MOLLUSCS AND OTHER AQUATIC I",2017,,,"AHS",6.28,7.78,0,50,519,84,55,,,7.56,
"HS","HS","","All countries  All --- All  ","03","FISH AND CRUSTACEANS, MOLLUSCS AND OTHER AQUATIC I",2018,,,"AHS",8.45,6.65,0,50,707,88,80,,,9.94,
"HS","HS","","All countries  All --- All  ","04","DAIRY PRODUCE; BIRDS' EGGS; NATURAL HONEY; EDIBLE ",1996,,,"AHS",17.95,82.33,0,735.6,265,68,108,,,36.28,
"HS","HS","","All countries  All --- All  ","04","DAIRY PRODUCE; BIRDS' EGGS; NATURAL HONEY; EDIBLE ",1997,,,"AHS",15.15,10.72,0,74,218,41,101,,,16.3,
"HS","HS","","All countries  All --- All  ","04","DAIRY PRODUCE; BIRDS' EGGS; NATURAL HONEY; EDIBLE ",1998,,,"AHS",15.23,19.49,0,105.25,245,52,102,,,18.39,
"HS","HS","","All countries  All --- All  ","04","DAIRY PRODUCE; BIRDS' EGGS; NATURAL HONEY; EDIBLE ",1999,,,"AHS",14.26,29.06,0,164.45,474,123,194,,,25.59,
"HS","HS","","All countries  All --- All  ","04","DAIRY PRODUCE; BIRDS' EGGS; NATURAL HONEY; EDIBLE ",2000,,,"AHS",13.43,23.98,0,236.6,453,126,216,,,22.3,
"HS","HS","","All countries  All --- All  ","04","DAIRY PRODUCE; BIRDS' EGGS; NATURAL HONEY; EDIBLE ",2001,,,"AHS",13.93,14.48,0,100,424,67,144,,,16.45,
"HS","HS","","All countries  All --- All  ","04","DAIRY PRODUCE; BIRDS' EGGS; NATURAL HONEY; EDIBLE ",2002,,,"AHS",12.26,15.37,0,94.6,532,95,180,,,15.86,
"HS","HS","","All countries  All --- All  ","04","DAIRY PRODUCE; BIRDS' EGGS; NATURAL HONEY; EDIBLE ",2003,,,"AHS",15.1,21.57,0,177.2,619,107,227,,,18.32,
"HS","HS","","All countries  All --- All  ","04","DAIRY PRODUCE; BIRDS' EGGS; NATURAL HONEY; EDIBLE ",2004,,,"AHS",12.88,25.31,0,177.2,644,125,203,,,18.24,
"HS","HS","","All countries  All --- All  ","04","DAIRY PRODUCE; BIRDS' EGGS; NATURAL HONEY; EDIBLE ",2005,,,"AHS",11.78,8.98,0,60,700,58,156,,,11.81,
"HS","HS","","All countries  All --- All  ","04","DAIRY PRODUCE; BIRDS' EGGS; NATURAL HONEY; EDIBLE ",2006,,,"AHS",13.29,25.61,0,150,791,90,211,,,16.02,
"HS","HS","","All countries  All --- All  ","04","DAIRY PRODUCE; BIRDS' EGGS; NATURAL HONEY; EDIBLE ",2007,,,"AHS",13.02,24.77,0,150,849,139,285,,,18.08,
"HS","HS","","All countries  All --- All  ","04","DAIRY PRODUCE; BIRDS' EGGS; NATURAL HONEY; EDIBLE ",2008,,,"AHS",11.92,18.15,0,147.76,727,97,237,,,13.78,
"HS","HS","","All countries  All --- All  ","04","DAIRY PRODUCE; BIRDS' EGGS; NATURAL HONEY; EDIBLE ",2009,,,"AHS",11.51,12.81,0,82.88,765,90,215,,,12.47,
"HS","HS","","All countries  All --- All  ","04","DAIRY PRODUCE; BIRDS' EGGS; NATURAL HONEY; EDIBLE ",2010,,,"AHS",11.31,16.77,0,140,680,72,191,,,12.57,
"HS","HS","","All countries  All --- All  ","04","DAIRY PRODUCE; BIRDS' EGGS; NATURAL HONEY; EDIBLE ",2011,,,"AHS",10.44,11.78,0,89,631,58,130,,,10.75,
"HS","HS","","All countries  All --- All  ","04","DAIRY PRODUCE; BIRDS' EGGS; NATURAL HONEY; EDIBLE ",2012,,,"AHS",9.2,25.81,0,510.93,580,56,135,,,11.87,
"HS","HS","","All countries  All --- All  ","04","DAIRY PRODUCE; BIRDS' EGGS; NATURAL HONEY; EDIBLE ",2013,,,"AHS",11.61,28.14,0,510.93,641,75,158,,,14.84,
"HS","HS","","All countries  All --- All  ","04","DAIRY PRODUCE; BIRDS' EGGS; NATURAL HONEY; EDIBLE ",2014,,,"AHS",11.51,28.42,0,510.93,595,63,146,,,14.32,
"HS","HS","","All countries  All --- All  ","04","DAIRY PRODUCE; BIRDS' EGGS; NATURAL HONEY; EDIBLE ",2015,,,"AHS",10.64,32.71,0,510.93,698,89,166,,,15.25,
"HS","HS","","All countries  All --- All  ","04","DAIRY PRODUCE; BIRDS' EGGS; NATURAL HONEY; EDIBLE ",2016,,,"AHS",10.4,15.13,0,141.92,901,111,185,,,13.49,
"HS","HS","","All countries  All --- All  ","04","DAIRY PRODUCE; BIRDS' EGGS; NATURAL HONEY; EDIBLE ",2017,,,"AHS",11.23,19.3,0,186.47,530,74,124,,,14.62,
"HS","HS","","All countries  All --- All  ","04","DAIRY PRODUCE; BIRDS' EGGS; NATURAL HONEY; EDIBLE ",2018,,,"AHS",13.36,25.53,0,155,641,97,122,,,16.83,
"HS","HS","","All countries  All --- All  ","05","PRODUCTS OF ANIMAL ORIGIN, NOT ELSEWHERE SPECIFIED",1996,,,"AHS",3.28,6.82,0,25,127,0,10,,,5.08,
"HS","HS","","All countries  All --- All  ","05","PRODUCTS OF ANIMAL ORIGIN, NOT ELSEWHERE SPECIFIED",1997,,,"AHS",3.26,5.51,0,20,149,1,7,,,5.08,
"HS","HS","","All countries  All --- All  ","05","PRODUCTS OF ANIMAL ORIGIN, NOT ELSEWHERE SPECIFIED",1998,,,"AHS",3.47,5.06,0,30,136,0,1,,,3.07,
"HS","HS","","All countries  All --- All  ","05","PRODUCTS OF ANIMAL ORIGIN, NOT ELSEWHERE SPECIFIED",1999,,,"AHS",2.58,4.25,0,13,144,0,0,,,2.77,
"HS","HS","","All countries  All --- All  ","05","PRODUCTS OF ANIMAL ORIGIN, NOT ELSEWHERE SPECIFIED",2000,,,"AHS",3.78,5.89,0,35,151,0,4,,,3.43,
"HS","HS","","All countries  All --- All  ","05","PRODUCTS OF ANIMAL ORIGIN, NOT ELSEWHERE SPECIFIED",2001,,,"AHS",3.68,5.91,0,30,202,0,11,,,3.51,
"HS","HS","","All countries  All --- All  ","05","PRODUCTS OF ANIMAL ORIGIN, NOT ELSEWHERE SPECIFIED",2002,,,"AHS",4.15,5.8,0,30,213,0,11,,,4,
"HS","HS","","All countries  All --- All  ","05","PRODUCTS OF ANIMAL ORIGIN, NOT ELSEWHERE SPECIFIED",2003,,,"AHS",4.36,6.31,0,30,175,0,12,,,4.79,
"HS","HS","","All countries  All --- All  ","05","PRODUCTS OF ANIMAL ORIGIN, NOT ELSEWHERE SPECIFIED",2004,,,"AHS",4.19,6.06,0,30,202,0,11,,,3.82,
"HS","HS","","All countries  All --- All  ","05","PRODUCTS OF ANIMAL ORIGIN, NOT ELSEWHERE SPECIFIED",2005,,,"AHS",3.63,5.99,0,30,219,0,12,,,3.58,
"HS","HS","","All countries  All --- All  ","05","PRODUCTS OF ANIMAL ORIGIN, NOT ELSEWHERE SPECIFIED",2006,,,"AHS",3.2,5.55,0,34.4,253,1,10,,,3.4,
"HS","HS","","All countries  All --- All  ","05","PRODUCTS OF ANIMAL ORIGIN, NOT ELSEWHERE SPECIFIED",2007,,,"AHS",3.06,5.31,0,30,271,0,11,,,3.37,
"HS","HS","","All countries  All --- All  ","05","PRODUCTS OF ANIMAL ORIGIN, NOT ELSEWHERE SPECIFIED",2008,,,"AHS",4.26,6.1,0,34.4,243,1,9,,,4.11,
"HS","HS","","All countries  All --- All  ","05","PRODUCTS OF ANIMAL ORIGIN, NOT ELSEWHERE SPECIFIED",2009,,,"AHS",3.71,6.51,0,30,234,0,10,,,4.07,
"HS","HS","","All countries  All --- All  ","05","PRODUCTS OF ANIMAL ORIGIN, NOT ELSEWHERE SPECIFIED",2010,,,"AHS",5.01,8.85,0,49,263,0,30,,,5.87,
"HS","HS","","All countries  All --- All  ","05","PRODUCTS OF ANIMAL ORIGIN, NOT ELSEWHERE SPECIFIED",2011,,,"AHS",3.8,4.78,0,30,237,0,5,,,2.95,
"HS","HS","","All countries  All --- All  ","05","PRODUCTS OF ANIMAL ORIGIN, NOT ELSEWHERE SPECIFIED",2012,,,"AHS",4.03,6.21,0,30,248,4,11,,,3.76,
"HS","HS","","All countries  All --- All  ","05","PRODUCTS OF ANIMAL ORIGIN, NOT ELSEWHERE SPECIFIED",2013,,,"AHS",4.5,5.76,0,30,276,0,11,,,4.04,
"HS","HS","","All countries  All --- All  ","05","PRODUCTS OF ANIMAL ORIGIN, NOT ELSEWHERE SPECIFIED",2014,,,"AHS",3.62,5.93,0,30,273,0,9,,,4.16,
"HS","HS","","All countries  All --- All  ","05","PRODUCTS OF ANIMAL ORIGIN, NOT ELSEWHERE SPECIFIED",2015,,,"AHS",2.84,6.42,0,30,261,1,13,,,4.43,
"HS","HS","","All countries  All --- All  ","05","PRODUCTS OF ANIMAL ORIGIN, NOT ELSEWHERE SPECIFIED",2016,,,"AHS",3.63,7.6,0,30,303,1,24,,,5.29,
"HS","HS","","All countries  All --- All  ","05","PRODUCTS OF ANIMAL ORIGIN, NOT ELSEWHERE SPECIFIED",2017,,,"AHS",2.14,4.29,0,30,201,0,2,,,3.19,
"HS","HS","","All countries  All --- All  ","05","PRODUCTS OF ANIMAL ORIGIN, NOT ELSEWHERE SPECIFIED",2018,,,"AHS",3.08,7.72,0,30,193,0,15,,,4.71,
"HS","HS","","All countries  All --- All  ","06","LIVE TREES AND OTHER PLANTS; BULBS, ROOTS AND THE ",1996,,,"AHS",9.36,39.92,0,249,214,10,45,,,14.53,
"HS","HS","","All countries  All --- All  ","06","LIVE TREES AND OTHER PLANTS; BULBS, ROOTS AND THE ",1997,,,"AHS",5.23,12.3,0,75,226,10,24,,,7.32,
"HS","HS","","All countries  All --- All  ","06","LIVE TREES AND OTHER PLANTS; BULBS, ROOTS AND THE ",1998,,,"AHS",9.1,17.63,0,180,206,3,34,,,8.92,
"HS","HS","","All countries  All --- All  ","06","LIVE TREES AND OTHER PLANTS; BULBS, ROOTS AND THE ",1999,,,"AHS",9.5,17.83,0,170,285,17,57,,,11.18,
"HS","HS","","All countries  All --- All  ","06","LIVE TREES AND OTHER PLANTS; BULBS, ROOTS AND THE ",2000,,,"AHS",8.36,16.16,0,170,322,24,57,,,10.05,
"HS","HS","","All countries  All --- All  ","06","LIVE TREES AND OTHER PLANTS; BULBS, ROOTS AND THE ",2001,,,"AHS",8.59,25.81,0,211.7,351,27,63,,,11.85,
"HS","HS","","All countries  All --- All  ","06","LIVE TREES AND OTHER PLANTS; BULBS, ROOTS AND THE ",2002,,,"AHS",7.24,12.61,0,75,357,21,53,,,8.22,
"HS","HS","","All countries  All --- All  ","06","LIVE TREES AND OTHER PLANTS; BULBS, ROOTS AND THE ",2003,,,"AHS",8.37,13.1,0,75,418,28,79,,,10.76,
"HS","HS","","All countries  All --- All  ","06","LIVE TREES AND OTHER PLANTS; BULBS, ROOTS AND THE ",2004,,,"AHS",8.86,34.77,0,211.7,279,34,35,,,13.81,
"HS","HS","","All countries  All --- All  ","06","LIVE TREES AND OTHER PLANTS; BULBS, ROOTS AND THE ",2005,,,"AHS",9.14,32.95,0,211.6,308,29,36,,,12.85,
"HS","HS","","All countries  All --- All  ","06","LIVE TREES AND OTHER PLANTS; BULBS, ROOTS AND THE ",2006,,,"AHS",8.16,29.42,0,211.7,371,34,45,,,12.52,
"HS","HS","","All countries  All --- All  ","06","LIVE TREES AND OTHER PLANTS; BULBS, ROOTS AND THE ",2007,,,"AHS",7.93,31.77,0,211.7,322,34,35,,,12.39,
"HS","HS","","All countries  All --- All  ","06","LIVE TREES AND OTHER PLANTS; BULBS, ROOTS AND THE ",2008,,,"AHS",7.55,29.48,0,211.7,368,24,37,,,11.5,
"HS","HS","","All countries  All --- All  ","06","LIVE TREES AND OTHER PLANTS; BULBS, ROOTS AND THE ",2009,,,"AHS",7.7,31.4,0,211.6,274,14,26,,,10.61,
"HS","HS","","All countries  All --- All  ","06","LIVE TREES AND OTHER PLANTS; BULBS, ROOTS AND THE ",2010,,,"AHS",5.1,5.64,0,25,235,1,8,,,4.85,
"HS","HS","","All countries  All --- All  ","06","LIVE TREES AND OTHER PLANTS; BULBS, ROOTS AND THE ",2011,,,"AHS",6.14,9.9,0,60,268,9,30,,,6.95,
"HS","HS","","All countries  All --- All  ","06","LIVE TREES AND OTHER PLANTS; BULBS, ROOTS AND THE ",2012,,,"AHS",5.52,8.55,0,49,250,4,21,,,5.98,
"HS","HS","","All countries  All --- All  ","06","LIVE TREES AND OTHER PLANTS; BULBS, ROOTS AND THE ",2013,,,"AHS",5.6,7.98,0,30,233,5,21,,,5.65,
"HS","HS","","All countries  All --- All  ","06","LIVE TREES AND OTHER PLANTS; BULBS, ROOTS AND THE ",2014,,,"AHS",7.17,7.08,0,30,329,1,35,,,6.81,
"HS","HS","","All countries  All --- All  ","06","LIVE TREES AND OTHER PLANTS; BULBS, ROOTS AND THE ",2015,,,"AHS",5.67,5.37,0,25,276,5,12,,,5.26,
"HS","HS","","All countries  All --- All  ","06","LIVE TREES AND OTHER PLANTS; BULBS, ROOTS AND THE ",2016,,,"AHS",6.32,6.9,0,30,230,5,13,,,5.11,
"HS","HS","","All countries  All --- All  ","06","LIVE TREES AND OTHER PLANTS; BULBS, ROOTS AND THE ",2017,,,"AHS",5.54,5.96,0,25,207,2,8,,,5.02,
"HS","HS","","All countries  All --- All  ","06","LIVE TREES AND OTHER PLANTS; BULBS, ROOTS AND THE ",2018,,,"AHS",5.69,6.43,0,30,199,6,11,,,6.16,
"HS","HS","","All countries  All --- All  ","07","EDIBLE VEGETABLES AND CERTAIN ROOTS AND TUBERS",1996,,,"AHS",8.39,13.62,0,117.04,371,24,41,,,8.49,
"HS","HS","","All countries  All --- All  ","07","EDIBLE VEGETABLES AND CERTAIN ROOTS AND TUBERS",1997,,,"AHS",8.29,13.48,0,136.65,400,21,49,,,9.27,
"HS","HS","","All countries  All --- All  ","07","EDIBLE VEGETABLES AND CERTAIN ROOTS AND TUBERS",1998,,,"AHS",7.98,15.49,0,152.85,381,13,41,,,7.9,
"HS","HS","","All countries  All --- All  ","07","EDIBLE VEGETABLES AND CERTAIN ROOTS AND TUBERS",1999,,,"AHS",8.69,17.41,0,140.21,482,31,36,,,8.76,
"HS","HS","","All countries  All --- All  ","07","EDIBLE VEGETABLES AND CERTAIN ROOTS AND TUBERS",2000,,,"AHS",8.43,16.44,0,128.15,542,30,67,,,9.85,
"HS","HS","","All countries  All --- All  ","07","EDIBLE VEGETABLES AND CERTAIN ROOTS AND TUBERS",2001,,,"AHS",11.47,17.32,0,109,598,67,94,,,13.27,
"HS","HS","","All countries  All --- All  ","07","EDIBLE VEGETABLES AND CERTAIN ROOTS AND TUBERS",2002,,,"AHS",8.6,12.56,0,105.8,663,60,75,,,9.44,
"HS","HS","","All countries  All --- All  ","07","EDIBLE VEGETABLES AND CERTAIN ROOTS AND TUBERS",2003,,,"AHS",10.41,19.43,0,170,617,67,100,,,12.71,
"HS","HS","","All countries  All --- All  ","07","EDIBLE VEGETABLES AND CERTAIN ROOTS AND TUBERS",2004,,,"AHS",9.05,18.49,0,229,643,33,52,,,8.95,
"HS","HS","","All countries  All --- All  ","07","EDIBLE VEGETABLES AND CERTAIN ROOTS AND TUBERS",2005,,,"AHS",8.81,7.68,0,40,609,40,47,,,8.66,
"HS","HS","","All countries  All --- All  ","07","EDIBLE VEGETABLES AND CERTAIN ROOTS AND TUBERS",2006,,,"AHS",9.18,8.68,0,50,554,42,55,,,8.69,
"HS","HS","","All countries  All --- All  ","07","EDIBLE VEGETABLES AND CERTAIN ROOTS AND TUBERS",2007,,,"AHS",8.29,8.71,0,49,557,29,51,,,7.89,
"HS","HS","","All countries  All --- All  ","07","EDIBLE VEGETABLES AND CERTAIN ROOTS AND TUBERS",2008,,,"AHS",9.27,7.89,0,30,523,39,46,,,8.16,
"HS","HS","","All countries  All --- All  ","07","EDIBLE VEGETABLES AND CERTAIN ROOTS AND TUBERS",2009,,,"AHS",13.22,41.22,0,607.5,608,69,95,,,12.99,
"HS","HS","","All countries  All --- All  ","07","EDIBLE VEGETABLES AND CERTAIN ROOTS AND TUBERS",2010,,,"AHS",8.46,8.75,0,40,607,50,73,,,8.75,
"HS","HS","","All countries  All --- All  ","07","EDIBLE VEGETABLES AND CERTAIN ROOTS AND TUBERS",2011,,,"AHS",8.9,12.68,0,162.3,663,49,72,,,9.06,
"HS","HS","","All countries  All --- All  ","07","EDIBLE VEGETABLES AND CERTAIN ROOTS AND TUBERS",2012,,,"AHS",7.73,12.72,0,125.1,774,79,88,,,8.26,
"HS","HS","","All countries  All --- All  ","07","EDIBLE VEGETABLES AND CERTAIN ROOTS AND TUBERS",2013,,,"AHS",7.45,15.57,0,141.1,648,59,62,,,8.29,
"HS","HS","","All countries  All --- All  ","07","EDIBLE VEGETABLES AND CERTAIN ROOTS AND TUBERS",2014,,,"AHS",9.95,11.38,0,57,605,52,51,,,8.53,
"HS","HS","","All countries  All --- All  ","07","EDIBLE VEGETABLES AND CERTAIN ROOTS AND TUBERS",2015,,,"AHS",6.82,27.44,0,370,744,48,64,,,9.9,
"HS","HS","","All countries  All --- All  ","07","EDIBLE VEGETABLES AND CERTAIN ROOTS AND TUBERS",2016,,,"AHS",8.29,10.56,0,57,655,39,50,,,7.53,
"HS","HS","","All countries  All --- All  ","07","EDIBLE VEGETABLES AND CERTAIN ROOTS AND TUBERS",2017,,,"AHS",6.8,6.93,0,40,552,29,22,,,6.09,
"HS","HS","","All countries  All --- All  ","07","EDIBLE VEGETABLES AND CERTAIN ROOTS AND TUBERS",2018,,,"AHS",11.34,24.45,0,370,733,60,114,,,12.77,
"HS","HS","","All countries  All --- All  ","08","EDIBLE FRUIT AND NUTS; PEEL OF CITRUS FRUIT OR MEL",1996,,,"AHS",6.3,16.23,0,161.62,977,72,141,,,8.72,
"HS","HS","","All countries  All --- All  ","08","EDIBLE FRUIT AND NUTS; PEEL OF CITRUS FRUIT OR MEL",1997,,,"AHS",8.87,15.93,0,129.51,911,61,138,,,8.66,
"HS","HS","","All countries  All --- All  ","08","EDIBLE FRUIT AND NUTS; PEEL OF CITRUS FRUIT OR MEL",1998,,,"AHS",8.18,21.28,0,230,651,29,111,,,9.15,
"HS","HS","","All countries  All --- All  ","08","EDIBLE FRUIT AND NUTS; PEEL OF CITRUS FRUIT OR MEL",1999,,,"AHS",9.64,23.3,0,225,893,70,165,,,11.3,
"HS","HS","","All countries  All --- All  ","08","EDIBLE FRUIT AND NUTS; PEEL OF CITRUS FRUIT OR MEL",2000,,,"AHS",9.97,21.8,0,220,1006,60,156,,,11.09,
"HS","HS","","All countries  All --- All  ","08","EDIBLE FRUIT AND NUTS; PEEL OF CITRUS FRUIT OR MEL",2001,,,"AHS",10.55,19.88,0,215,1422,86,200,,,11.52,
"HS","HS","","All countries  All --- All  ","08","EDIBLE FRUIT AND NUTS; PEEL OF CITRUS FRUIT OR MEL",2002,,,"AHS",10,20.38,0,215,1159,81,178,,,10.52,
"HS","HS","","All countries  All --- All  ","08","EDIBLE FRUIT AND NUTS; PEEL OF CITRUS FRUIT OR MEL",2003,,,"AHS",9.44,18.03,0,157,979,75,164,,,11.1,
"HS","HS","","All countries  All --- All  ","08","EDIBLE FRUIT AND NUTS; PEEL OF CITRUS FRUIT OR MEL",2004,,,"AHS",7.92,16.59,0,157,865,48,123,,,9.47,
"HS","HS","","All countries  All --- All  ","08","EDIBLE FRUIT AND NUTS; PEEL OF CITRUS FRUIT OR MEL",2005,,,"AHS",9.29,12.85,0,86.4,799,49,111,,,9.75,
"HS","HS","","All countries  All --- All  ","08","EDIBLE FRUIT AND NUTS; PEEL OF CITRUS FRUIT OR MEL",2006,,,"AHS",9.12,17.13,0,150,864,58,115,,,10.21,
"HS","HS","","All countries  All --- All  ","08","EDIBLE FRUIT AND NUTS; PEEL OF CITRUS FRUIT OR MEL",2007,,,"AHS",8,12,0,86.4,904,74,124,,,8.79,
"HS","HS","","All countries  All --- All  ","08","EDIBLE FRUIT AND NUTS; PEEL OF CITRUS FRUIT OR MEL",2008,,,"AHS",8.34,12.07,0,86.4,893,59,116,,,9.18,
"HS","HS","","All countries  All --- All  ","08","EDIBLE FRUIT AND NUTS; PEEL OF CITRUS FRUIT OR MEL",2009,,,"AHS",9.09,12.46,0,86.4,836,61,114,,,9.25,
"HS","HS","","All countries  All --- All  ","08","EDIBLE FRUIT AND NUTS; PEEL OF CITRUS FRUIT OR MEL",2010,,,"AHS",9.52,13.17,0,86.4,995,80,157,,,10.12,
"HS","HS","","All countries  All --- All  ","08","EDIBLE FRUIT AND NUTS; PEEL OF CITRUS FRUIT OR MEL",2011,,,"AHS",8.73,12.69,0,86.4,960,88,133,,,9.19,
"HS","HS","","All countries  All --- All  ","08","EDIBLE FRUIT AND NUTS; PEEL OF CITRUS FRUIT OR MEL",2012,,,"AHS",6.09,10.44,0,50,962,64,95,,,6.64,
"HS","HS","","All countries  All --- All  ","08","EDIBLE FRUIT AND NUTS; PEEL OF CITRUS FRUIT OR MEL",2013,,,"AHS",6.44,9.38,0,86.4,860,45,55,,,6.31,
"HS","HS","","All countries  All --- All  ","08","EDIBLE FRUIT AND NUTS; PEEL OF CITRUS FRUIT OR MEL",2014,,,"AHS",7.27,9.1,0,54,937,54,74,,,7.14,
"HS","HS","","All countries  All --- All  ","08","EDIBLE FRUIT AND NUTS; PEEL OF CITRUS FRUIT OR MEL",2015,,,"AHS",7.05,11.48,0,86.4,940,75,80,,,7.42,
"HS","HS","","All countries  All --- All  ","08","EDIBLE FRUIT AND NUTS; PEEL OF CITRUS FRUIT OR MEL",2016,,,"AHS",7.77,11.37,0,86.4,911,91,113,,,7.72,
"HS","HS","","All countries  All --- All  ","08","EDIBLE FRUIT AND NUTS; PEEL OF CITRUS FRUIT OR MEL",2017,,,"AHS",7.01,7.55,0,50,687,65,65,,,7.19,
"HS","HS","","All countries  All --- All  ","08","EDIBLE FRUIT AND NUTS; PEEL OF CITRUS FRUIT OR MEL",2018,,,"AHS",7.78,7.71,0,50,718,61,60,,,8.07,
"HS","HS","","All countries  All --- All  ","09","COFFEE, TEA, MATÉ AND SPICES",1996,,,"AHS",9.35,15.47,0,108.5,302,14,46,,,8.75,
"HS","HS","","All countries  All --- All  ","09","COFFEE, TEA, MATÉ AND SPICES",1997,,,"AHS",9.01,13.25,0,105.8,336,24,49,,,8.71,
"HS","HS","","All countries  All --- All  ","09","COFFEE, TEA, MATÉ AND SPICES",1998,,,"AHS",7.83,14.42,0,103.1,407,17,98,,,10.6,
"HS","HS","","All countries  All --- All  ","09","COFFEE, TEA, MATÉ AND SPICES",1999,,,"AHS",8.15,13.75,0,100.3,393,27,49,,,7.87,
"HS","HS","","All countries  All --- All  ","09","COFFEE, TEA, MATÉ AND SPICES",2000,,,"AHS",8.66,13.67,0,97.6,457,33,69,,,8.56,
"HS","HS","","All countries  All --- All  ","09","COFFEE, TEA, MATÉ AND SPICES",2001,,,"AHS",9.15,13.38,0,94.8,630,21,169,,,11.22,
"HS","HS","","All countries  All --- All  ","09","COFFEE, TEA, MATÉ AND SPICES",2002,,,"AHS",9.44,13.4,0,100,620,44,149,,,9.94,
"HS","HS","","All countries  All --- All  ","09","COFFEE, TEA, MATÉ AND SPICES",2003,,,"AHS",9.26,18.49,0,100,634,16,187,,,13.09,
"HS","HS","","All countries  All --- All  ","09","COFFEE, TEA, MATÉ AND SPICES",2004,,,"AHS",11.06,23.8,0,100,621,58,195,,,15.49,
"HS","HS","","All countries  All --- All  ","09","COFFEE, TEA, MATÉ AND SPICES",2005,,,"AHS",10.69,25.12,0,513.6,715,43,224,,,13.3,
"HS","HS","","All countries  All --- All  ","09","COFFEE, TEA, MATÉ AND SPICES",2006,,,"AHS",10.14,22.99,0,150,735,65,214,,,14.63,
"HS","HS","","All countries  All --- All  ","09","COFFEE, TEA, MATÉ AND SPICES",2007,,,"AHS",8.54,20.43,0,100,817,50,254,,,13.32,
"HS","HS","","All countries  All --- All  ","09","COFFEE, TEA, MATÉ AND SPICES",2008,,,"AHS",9.86,28.44,0,513.6,781,69,210,,,14.18,
"HS","HS","","All countries  All --- All  ","09","COFFEE, TEA, MATÉ AND SPICES",2009,,,"AHS",9.36,21.77,0,100,823,81,255,,,14.75,
"HS","HS","","All countries  All --- All  ","09","COFFEE, TEA, MATÉ AND SPICES",2010,,,"AHS",10.03,18.24,0,100,847,71,284,,,13.23,
"HS","HS","","All countries  All --- All  ","09","COFFEE, TEA, MATÉ AND SPICES",2011,,,"AHS",9.63,21.5,0,513.6,868,66,184,,,10.16,
"HS","HS","","All countries  All --- All  ","09","COFFEE, TEA, MATÉ AND SPICES",2012,,,"AHS",8.04,14.19,0,90,781,66,172,,,9.39,
"HS","HS","","All countries  All --- All  ","09","COFFEE, TEA, MATÉ AND SPICES",2013,,,"AHS",9.24,20.23,0,100,811,90,226,,,13.16,
"HS","HS","","All countries  All --- All  ","09","COFFEE, TEA, MATÉ AND SPICES",2014,,,"AHS",9.09,20.47,0,100,746,76,145,,,12.13,
"HS","HS","","All countries  All --- All  ","09","COFFEE, TEA, MATÉ AND SPICES",2015,,,"AHS",7.95,20.07,0,100,739,72,140,,,11.8,
"HS","HS","","All countries  All --- All  ","09","COFFEE, TEA, MATÉ AND SPICES",2016,,,"AHS",8.46,14.58,0,90,793,63,154,,,10.24,
"HS","HS","","All countries  All --- All  ","09","COFFEE, TEA, MATÉ AND SPICES",2017,,,"AHS",5.99,20.87,0,100,576,58,90,,,11.02,
"HS","HS","","All countries  All --- All  ","09","COFFEE, TEA, MATÉ AND SPICES",2018,,,"AHS",7.04,20.85,0,100,623,70,95,,,11.56,
"HS","HS","","All countries  All --- All  ","10","CEREALS",1996,,,"AHS",21.1,96.57,0,686,88,7,14,,,28.08,
"HS","HS","","All countries  All --- All  ","10","CEREALS",1997,,,"AHS",11.38,16.53,0,86.56,105,15,21,,,11.86,
"HS","HS","","All countries  All --- All  ","10","CEREALS",1998,,,"AHS",8.25,12.3,0,93.76,115,2,19,,,8.67,
"HS","HS","","All countries  All --- All  ","10","CEREALS",1999,,,"AHS",8.81,14.38,0,99.27,126,7,14,,,9.01,
"HS","HS","","All countries  All --- All  ","10","CEREALS",2000,,,"AHS",8.66,26.71,0,110.74,148,48,55,,,23.04,
"HS","HS","","All countries  All --- All  ","10","CEREALS",2001,,,"AHS",12.29,62.89,0,651,201,5,14,,,14.64,
"HS","HS","","All countries  All --- All  ","10","CEREALS",2002,,,"AHS",9.81,57.9,0,644,241,3,11,,,12.46,
"HS","HS","","All countries  All --- All  ","10","CEREALS",2003,,,"AHS",11.99,62.83,0,637,232,6,20,,,16.63,
"HS","HS","","All countries  All --- All  ","10","CEREALS",2004,,,"AHS",10.8,56.81,0,630,255,6,30,,,15.91,
"HS","HS","","All countries  All --- All  ","10","CEREALS",2005,,,"AHS",9.82,61.56,0,630,208,6,14,,,14.51,
"HS","HS","","All countries  All --- All  ","10","CEREALS",2006,,,"AHS",11.67,53.63,0,630,264,12,34,,,14.08,
"HS","HS","","All countries  All --- All  ","10","CEREALS",2007,,,"AHS",10.07,55.78,0,630,273,8,22,,,14.03,
"HS","HS","","All countries  All --- All  ","10","CEREALS",2008,,,"AHS",9.13,47.81,0,630,336,8,36,,,12.82,
"HS","HS","","All countries  All --- All  ","10","CEREALS",2009,,,"AHS",12.35,52.47,0,630,404,34,51,,,14.36,
"HS","HS","","All countries  All --- All  ","10","CEREALS",2010,,,"AHS",14.81,55.95,0,800.3,492,35,94,,,15.36,
"HS","HS","","All countries  All --- All  ","10","CEREALS",2011,,,"AHS",9.49,40.89,0,630,516,28,77,,,12.46,
"HS","HS","","All countries  All --- All  ","10","CEREALS",2012,,,"AHS",10.16,40.34,0,630,497,36,84,,,12.65,
"HS","HS","","All countries  All --- All  ","10","CEREALS",2013,,,"AHS",9.99,38.06,0,630,579,51,102,,,13.63,
"HS","HS","","All countries  All --- All  ","10","CEREALS",2014,,,"AHS",14.81,59.12,0,800.3,428,28,67,,,16.04,
"HS","HS","","All countries  All --- All  ","10","CEREALS",2015,,,"AHS",12.73,59.51,0,800.3,425,27,51,,,13.95,
"HS","HS","","All countries  All --- All  ","10","CEREALS",2016,,,"AHS",14.04,62.98,0,630,477,32,75,,,16.54,
"HS","HS","","All countries  All --- All  ","10","CEREALS",2017,,,"AHS",5.47,11.6,0,60,292,18,21,,,7.03,
"HS","HS","","All countries  All --- All  ","10","CEREALS",2018,,,"AHS",13.47,54.75,0,630,295,36,37,,,17.21,
"HS","HS","","All countries  All --- All  ","11","PRODUCTS OF THE MILLING INDUSTRY; MALT; STARCHES; ",1996,,,"AHS",14.4,18.84,0,109.25,162,30,48,,,17.71,
"HS","HS","","All countries  All --- All  ","11","PRODUCTS OF THE MILLING INDUSTRY; MALT; STARCHES; ",1997,,,"AHS",12.91,17.58,0,103.99,163,21,36,,,13.87,
"HS","HS","","All countries  All --- All  ","11","PRODUCTS OF THE MILLING INDUSTRY; MALT; STARCHES; ",1998,,,"AHS",11.73,17.22,0,149.49,178,34,58,,,14.84,
"HS","HS","","All countries  All --- All  ","11","PRODUCTS OF THE MILLING INDUSTRY; MALT; STARCHES; ",1999,,,"AHS",9.03,16.43,0,100.27,181,21,50,,,12.89,
"HS","HS","","All countries  All --- All  ","11","PRODUCTS OF THE MILLING INDUSTRY; MALT; STARCHES; ",2000,,,"AHS",9.23,19.01,0,189.3,227,33,62,,,13.59,
"HS","HS","","All countries  All --- All  ","11","PRODUCTS OF THE MILLING INDUSTRY; MALT; STARCHES; ",2001,,,"AHS",9.66,12.28,0,114,177,16,26,,,9.89,
"HS","HS","","All countries  All --- All  ","11","PRODUCTS OF THE MILLING INDUSTRY; MALT; STARCHES; ",2002,,,"AHS",8.51,9.35,0,73.21,250,8,25,,,7.95,
"HS","HS","","All countries  All --- All  ","11","PRODUCTS OF THE MILLING INDUSTRY; MALT; STARCHES; ",2003,,,"AHS",7.9,7.99,0,45,203,11,19,,,7.9,
"HS","HS","","All countries  All --- All  ","11","PRODUCTS OF THE MILLING INDUSTRY; MALT; STARCHES; ",2004,,,"AHS",6.85,7.92,0,40,277,15,26,,,7.67,
"HS","HS","","All countries  All --- All  ","11","PRODUCTS OF THE MILLING INDUSTRY; MALT; STARCHES; ",2005,,,"AHS",7.65,8.1,0,50,252,15,26,,,8.32,
"HS","HS","","All countries  All --- All  ","11","PRODUCTS OF THE MILLING INDUSTRY; MALT; STARCHES; ",2006,,,"AHS",11.24,32.86,0,455,280,15,28,,,11,
"HS","HS","","All countries  All --- All  ","11","PRODUCTS OF THE MILLING INDUSTRY; MALT; STARCHES; ",2007,,,"AHS",9.66,13.71,0,167,307,20,43,,,9.89,
"HS","HS","","All countries  All --- All  ","11","PRODUCTS OF THE MILLING INDUSTRY; MALT; STARCHES; ",2008,,,"AHS",9.1,13.96,0,167,342,19,31,,,9.07,
"HS","HS","","All countries  All --- All  ","11","PRODUCTS OF THE MILLING INDUSTRY; MALT; STARCHES; ",2009,,,"AHS",13.39,44.99,0,455,394,21,48,,,14.16,
"HS","HS","","All countries  All --- All  ","11","PRODUCTS OF THE MILLING INDUSTRY; MALT; STARCHES; ",2010,,,"AHS",10.16,51.89,0,800.3,390,18,42,,,12.24,
"HS","HS","","All countries  All --- All  ","11","PRODUCTS OF THE MILLING INDUSTRY; MALT; STARCHES; ",2011,,,"AHS",10.25,50.02,0,800.3,416,30,52,,,13.27,
"HS","HS","","All countries  All --- All  ","11","PRODUCTS OF THE MILLING INDUSTRY; MALT; STARCHES; ",2012,,,"AHS",8.38,21.63,0,226,423,29,42,,,9.3,
"HS","HS","","All countries  All --- All  ","11","PRODUCTS OF THE MILLING INDUSTRY; MALT; STARCHES; ",2013,,,"AHS",11.13,63.14,0,800.3,503,40,55,,,15.64,
"HS","HS","","All countries  All --- All  ","11","PRODUCTS OF THE MILLING INDUSTRY; MALT; STARCHES; ",2014,,,"AHS",8.55,12.96,0,167,444,36,51,,,9.57,
"HS","HS","","All countries  All --- All  ","11","PRODUCTS OF THE MILLING INDUSTRY; MALT; STARCHES; ",2015,,,"AHS",20.01,94.9,0,800.3,514,45,57,,,24.46,
"HS","HS","","All countries  All --- All  ","11","PRODUCTS OF THE MILLING INDUSTRY; MALT; STARCHES; ",2016,,,"AHS",10.01,58.18,0,800.3,463,33,36,,,13.52,
"HS","HS","","All countries  All --- All  ","11","PRODUCTS OF THE MILLING INDUSTRY; MALT; STARCHES; ",2017,,,"AHS",5.9,8.12,0,30,364,27,34,,,6.65,
"HS","HS","","All countries  All --- All  ","11","PRODUCTS OF THE MILLING INDUSTRY; MALT; STARCHES; ",2018,,,"AHS",9.17,23.27,0,226,413,30,40,,,9.95,
"HS","HS","","All countries  All --- All  ","12","OIL SEEDS AND OLEAGINOUS FRUITS; MISCELLANEOUS GRA",1996,,,"AHS",5.05,9.66,0,114,353,7,22,,,5.65,
"HS","HS","","All countries  All --- All  ","12","OIL SEEDS AND OLEAGINOUS FRUITS; MISCELLANEOUS GRA",1997,,,"AHS",4.15,10.51,0,114,391,8,14,,,5.17,
"HS","HS","","All countries  All --- All  ","12","OIL SEEDS AND OLEAGINOUS FRUITS; MISCELLANEOUS GRA",1998,,,"AHS",2.95,6.33,0,40,393,3,17,,,3.65,
"HS","HS","","All countries  All --- All  ","12","OIL SEEDS AND OLEAGINOUS FRUITS; MISCELLANEOUS GRA",1999,,,"AHS",3.49,7.18,0,40,383,5,19,,,4.31,
"HS","HS","","All countries  All --- All  ","12","OIL SEEDS AND OLEAGINOUS FRUITS; MISCELLANEOUS GRA",2000,,,"AHS",3.87,6.8,0,40,457,8,20,,,4.57,
"HS","HS","","All countries  All --- All  ","12","OIL SEEDS AND OLEAGINOUS FRUITS; MISCELLANEOUS GRA",2001,,,"AHS",5.16,14.47,0,114,501,12,35,,,6.36,
"HS","HS","","All countries  All --- All  ","12","OIL SEEDS AND OLEAGINOUS FRUITS; MISCELLANEOUS GRA",2002,,,"AHS",4.55,11.56,0,131.8,646,5,31,,,4.93,
"HS","HS","","All countries  All --- All  ","12","OIL SEEDS AND OLEAGINOUS FRUITS; MISCELLANEOUS GRA",2003,,,"AHS",3.98,6.53,0,40,674,4,37,,,4.46,
"HS","HS","","All countries  All --- All  ","12","OIL SEEDS AND OLEAGINOUS FRUITS; MISCELLANEOUS GRA",2004,,,"AHS",3.08,5.4,0,40,683,4,17,,,3.3,
"HS","HS","","All countries  All --- All  ","12","OIL SEEDS AND OLEAGINOUS FRUITS; MISCELLANEOUS GRA",2005,,,"AHS",3.72,7.5,0,73,645,7,33,,,4.5,
"HS","HS","","All countries  All --- All  ","12","OIL SEEDS AND OLEAGINOUS FRUITS; MISCELLANEOUS GRA",2006,,,"AHS",3.35,8.54,0,131.8,665,7,27,,,5.09,
"HS","HS","","All countries  All --- All  ","12","OIL SEEDS AND OLEAGINOUS FRUITS; MISCELLANEOUS GRA",2007,,,"AHS",2.84,6.21,0,44,711,6,20,,,4.27,
"HS","HS","","All countries  All --- All  ","12","OIL SEEDS AND OLEAGINOUS FRUITS; MISCELLANEOUS GRA",2008,,,"AHS",3.06,9.63,0,131.8,850,9,47,,,4.86,
"HS","HS","","All countries  All --- All  ","12","OIL SEEDS AND OLEAGINOUS FRUITS; MISCELLANEOUS GRA",2009,,,"AHS",2.85,9.46,0,131.8,767,6,76,,,5.13,
"HS","HS","","All countries  All --- All  ","12","OIL SEEDS AND OLEAGINOUS FRUITS; MISCELLANEOUS GRA",2010,,,"AHS",4.65,74.3,0,754.3,868,17,45,,,12.04,
"HS","HS","","All countries  All --- All  ","12","OIL SEEDS AND OLEAGINOUS FRUITS; MISCELLANEOUS GRA",2011,,,"AHS",2.75,6.41,0,40,857,11,31,,,3.82,
"HS","HS","","All countries  All --- All  ","12","OIL SEEDS AND OLEAGINOUS FRUITS; MISCELLANEOUS GRA",2012,,,"AHS",3.41,12.64,0,218,897,28,54,,,5.23,
"HS","HS","","All countries  All --- All  ","12","OIL SEEDS AND OLEAGINOUS FRUITS; MISCELLANEOUS GRA",2013,,,"AHS",3.26,7.2,0,80,863,14,41,,,4.85,
"HS","HS","","All countries  All --- All  ","12","OIL SEEDS AND OLEAGINOUS FRUITS; MISCELLANEOUS GRA",2014,,,"AHS",3.99,9.84,0,218,842,12,19,,,4.75,
"HS","HS","","All countries  All --- All  ","12","OIL SEEDS AND OLEAGINOUS FRUITS; MISCELLANEOUS GRA",2015,,,"AHS",4.06,11.22,0,218,934,13,51,,,4.95,
"HS","HS","","All countries  All --- All  ","12","OIL SEEDS AND OLEAGINOUS FRUITS; MISCELLANEOUS GRA",2016,,,"AHS",3.87,9,0,80,898,24,67,,,5.5,
"HS","HS","","All countries  All --- All  ","12","OIL SEEDS AND OLEAGINOUS FRUITS; MISCELLANEOUS GRA",2017,,,"AHS",2.45,5.55,0,40,660,8,12,,,4.1,
"HS","HS","","All countries  All --- All  ","12","OIL SEEDS AND OLEAGINOUS FRUITS; MISCELLANEOUS GRA",2018,,,"AHS",4.55,13.07,0,230.5,707,10,54,,,6.15,
"HS","HS","","All countries  All --- All  ","13","LAC; GUMS, RESINS AND OTHER VEGETABLE SAPS AND EXT",1996,,,"AHS",10.35,101.34,0,821.3,197,4,29,,,20.44,
"HS","HS","","All countries  All --- All  ","13","LAC; GUMS, RESINS AND OTHER VEGETABLE SAPS AND EXT",1997,,,"AHS",10,95.37,0,813,215,5,21,,,18.91,
"HS","HS","","All countries  All --- All  ","13","LAC; GUMS, RESINS AND OTHER VEGETABLE SAPS AND EXT",1998,,,"AHS",10.61,97.63,0,804.6,202,4,20,,,18.89,
"HS","HS","","All countries  All --- All  ","13","LAC; GUMS, RESINS AND OTHER VEGETABLE SAPS AND EXT",1999,,,"AHS",8.79,87.74,0,796.2,246,5,30,,,17.29,
"HS","HS","","All countries  All --- All  ","13","LAC; GUMS, RESINS AND OTHER VEGETABLE SAPS AND EXT",2000,,,"AHS",8.17,80.49,0,787.8,286,6,41,,,15.1,
"HS","HS","","All countries  All --- All  ","13","LAC; GUMS, RESINS AND OTHER VEGETABLE SAPS AND EXT",2001,,,"AHS",10.79,122.51,0,1000,251,14,27,,,25.32,
"HS","HS","","All countries  All --- All  ","13","LAC; GUMS, RESINS AND OTHER VEGETABLE SAPS AND EXT",2002,,,"AHS",8.95,76.04,0,771.1,311,14,44,,,16.2,
"HS","HS","","All countries  All --- All  ","13","LAC; GUMS, RESINS AND OTHER VEGETABLE SAPS AND EXT",2003,,,"AHS",9.19,73.45,0,762.7,330,12,72,,,17.57,
"HS","HS","","All countries  All --- All  ","13","LAC; GUMS, RESINS AND OTHER VEGETABLE SAPS AND EXT",2004,,,"AHS",7.21,73.71,0,754.3,312,6,61,,,15.71,
"HS","HS","","All countries  All --- All  ","13","LAC; GUMS, RESINS AND OTHER VEGETABLE SAPS AND EXT",2005,,,"AHS",7.36,72.04,0,754.3,327,7,56,,,15.74,
"HS","HS","","All countries  All --- All  ","13","LAC; GUMS, RESINS AND OTHER VEGETABLE SAPS AND EXT",2006,,,"AHS",7.06,73.5,0,754.3,314,7,20,,,14.17,
"HS","HS","","All countries  All --- All  ","13","LAC; GUMS, RESINS AND OTHER VEGETABLE SAPS AND EXT",2007,,,"AHS",6.79,66.87,0,754.3,380,7,59,,,14.24,
"HS","HS","","All countries  All --- All  ","13","LAC; GUMS, RESINS AND OTHER VEGETABLE SAPS AND EXT",2008,,,"AHS",6.47,65.8,0,754.3,393,7,45,,,13.25,
"HS","HS","","All countries  All --- All  ","13","LAC; GUMS, RESINS AND OTHER VEGETABLE SAPS AND EXT",2009,,,"AHS",6.49,68.7,0,754.3,361,6,52,,,14.13,
"HS","HS","","All countries  All --- All  ","13","LAC; GUMS, RESINS AND OTHER VEGETABLE SAPS AND EXT",2010,,,"AHS",5.7,66.48,0,754.3,385,7,39,,,12.87,
"HS","HS","","All countries  All --- All  ","13","LAC; GUMS, RESINS AND OTHER VEGETABLE SAPS AND EXT",2011,,,"AHS",5.86,66.75,0,754.3,382,6,39,,,12.96,
"HS","HS","","All countries  All --- All  ","13","LAC; GUMS, RESINS AND OTHER VEGETABLE SAPS AND EXT",2012,,,"AHS",5.8,66.86,0,754.3,381,6,44,,,12.67,
"HS","HS","","All countries  All --- All  ","13","LAC; GUMS, RESINS AND OTHER VEGETABLE SAPS AND EXT",2013,,,"AHS",6.22,64.32,0,754.3,411,6,42,,,12.59,
"HS","HS","","All countries  All --- All  ","13","LAC; GUMS, RESINS AND OTHER VEGETABLE SAPS AND EXT",2014,,,"AHS",5.56,64.57,0,754.3,408,7,42,,,12.64,
"HS","HS","","All countries  All --- All  ","13","LAC; GUMS, RESINS AND OTHER VEGETABLE SAPS AND EXT",2015,,,"AHS",5.54,64.08,0,754.3,415,7,52,,,12.72,
"HS","HS","","All countries  All --- All  ","13","LAC; GUMS, RESINS AND OTHER VEGETABLE SAPS AND EXT",2016,,,"AHS",5.74,62.49,0,754.3,437,8,51,,,12.41,
"HS","HS","","All countries  All --- All  ","13","LAC; GUMS, RESINS AND OTHER VEGETABLE SAPS AND EXT",2017,,,"AHS",4.59,8.49,0,30,332,4,37,,,7.1,
"HS","HS","","All countries  All --- All  ","13","LAC; GUMS, RESINS AND OTHER VEGETABLE SAPS AND EXT",2018,,,"AHS",6,73.54,0,754.3,314,7,53,,,15.47,
"HS","HS","","All countries  All --- All  ","14","VEGETABLE PLAITING MATERIALS; VEGETABLE PRODUCTS N",1996,,,"AHS",3.37,4.73,0,17,25,0,1,,,3.6,
"HS","HS","","All countries  All --- All  ","14","VEGETABLE PLAITING MATERIALS; VEGETABLE PRODUCTS N",1997,,,"AHS",5.2,6.78,0,27,23,1,1,,,5.39,
"HS","HS","","All countries  All --- All  ","14","VEGETABLE PLAITING MATERIALS; VEGETABLE PRODUCTS N",1998,,,"AHS",2.07,4.38,0,14,41,0,0,,,2.24,
"HS","HS","","All countries  All --- All  ","14","VEGETABLE PLAITING MATERIALS; VEGETABLE PRODUCTS N",1999,,,"AHS",1.56,3.11,0,9,23,0,0,,,2,
"HS","HS","","All countries  All --- All  ","14","VEGETABLE PLAITING MATERIALS; VEGETABLE PRODUCTS N",2000,,,"AHS",3.32,4.33,0,12,34,0,0,,,2.82,
"HS","HS","","All countries  All --- All  ","14","VEGETABLE PLAITING MATERIALS; VEGETABLE PRODUCTS N",2001,,,"AHS",3.96,4.85,0,13,33,0,0,,,4.35,
"HS","HS","","All countries  All --- All  ","14","VEGETABLE PLAITING MATERIALS; VEGETABLE PRODUCTS N",2002,,,"AHS",5.53,5.83,0,25,36,1,1,,,5.38,
"HS","HS","","All countries  All --- All  ","14","VEGETABLE PLAITING MATERIALS; VEGETABLE PRODUCTS N",2003,,,"AHS",3.45,4.31,0,15,41,0,0,,,3.71,
"HS","HS","","All countries  All --- All  ","14","VEGETABLE PLAITING MATERIALS; VEGETABLE PRODUCTS N",2004,,,"AHS",3.77,5.25,0,30,45,0,1,,,3.78,
"HS","HS","","All countries  All --- All  ","14","VEGETABLE PLAITING MATERIALS; VEGETABLE PRODUCTS N",2005,,,"AHS",3.82,4.04,0,15,42,0,0,,,4.14,
"HS","HS","","All countries  All --- All  ","14","VEGETABLE PLAITING MATERIALS; VEGETABLE PRODUCTS N",2006,,,"AHS",3.94,3.74,0,15,35,0,0,,,3.61,
"HS","HS","","All countries  All --- All  ","14","VEGETABLE PLAITING MATERIALS; VEGETABLE PRODUCTS N",2007,,,"AHS",2.47,3.35,0,15,49,0,0,,,2.55,
"HS","HS","","All countries  All --- All  ","14","VEGETABLE PLAITING MATERIALS; VEGETABLE PRODUCTS N",2008,,,"AHS",2.93,3.95,0,15,49,0,0,,,3.06,
"HS","HS","","All countries  All --- All  ","14","VEGETABLE PLAITING MATERIALS; VEGETABLE PRODUCTS N",2009,,,"AHS",2.6,3.39,0,10,53,0,0,,,2.43,
"HS","HS","","All countries  All --- All  ","14","VEGETABLE PLAITING MATERIALS; VEGETABLE PRODUCTS N",2010,,,"AHS",1.68,2.07,0,6,48,0,0,,,1.39,
"HS","HS","","All countries  All --- All  ","14","VEGETABLE PLAITING MATERIALS; VEGETABLE PRODUCTS N",2011,,,"AHS",3.13,6.66,0,30,59,0,4,,,4.07,
"HS","HS","","All countries  All --- All  ","14","VEGETABLE PLAITING MATERIALS; VEGETABLE PRODUCTS N",2012,,,"AHS",1.9,2.3,0,6,45,0,0,,,1.82,
"HS","HS","","All countries  All --- All  ","14","VEGETABLE PLAITING MATERIALS; VEGETABLE PRODUCTS N",2013,,,"AHS",5.07,10.38,0,30,72,0,13,,,7.13,
"HS","HS","","All countries  All --- All  ","14","VEGETABLE PLAITING MATERIALS; VEGETABLE PRODUCTS N",2014,,,"AHS",2.83,3.36,0,15,47,0,0,,,2.46,
"HS","HS","","All countries  All --- All  ","14","VEGETABLE PLAITING MATERIALS; VEGETABLE PRODUCTS N",2015,,,"AHS",2.46,3.43,0,15,67,0,0,,,2.12,
"HS","HS","","All countries  All --- All  ","14","VEGETABLE PLAITING MATERIALS; VEGETABLE PRODUCTS N",2016,,,"AHS",2.36,3.28,0,15,92,0,0,,,2.46,
"HS","HS","","All countries  All --- All  ","14","VEGETABLE PLAITING MATERIALS; VEGETABLE PRODUCTS N",2017,,,"AHS",1.46,3.16,0,10,53,0,0,,,1.91,
"HS","HS","","All countries  All --- All  ","14","VEGETABLE PLAITING MATERIALS; VEGETABLE PRODUCTS N",2018,,,"AHS",2.55,4.79,0,20,95,2,2,,,3.72,
"HS","HS","","All countries  All --- All  ","15","ANIMAL OR VEGETABLE FATS AND OILS AND THEIR CLEAVA",1996,,,"AHS",10.25,14.62,0,121.6,456,6,124,,,12.51,
"HS","HS","","All countries  All --- All  ","15","ANIMAL OR VEGETABLE FATS AND OILS AND THEIR CLEAVA",1997,,,"AHS",9.94,13.27,0,121.6,521,10,118,,,11.54,
"HS","HS","","All countries  All --- All  ","15","ANIMAL OR VEGETABLE FATS AND OILS AND THEIR CLEAVA",1998,,,"AHS",8.76,12.09,0,96,527,4,117,,,10.85,
"HS","HS","","All countries  All --- All  ","15","ANIMAL OR VEGETABLE FATS AND OILS AND THEIR CLEAVA",1999,,,"AHS",10.72,12.81,0,59.55,585,17,148,,,12.2,
"HS","HS","","All countries  All --- All  ","15","ANIMAL OR VEGETABLE FATS AND OILS AND THEIR CLEAVA",2000,,,"AHS",10.31,12.42,0,76.06,693,17,148,,,11.32,
"HS","HS","","All countries  All --- All  ","15","ANIMAL OR VEGETABLE FATS AND OILS AND THEIR CLEAVA",2001,,,"AHS",11.1,14.75,0,121.6,707,18,144,,,12.4,
"HS","HS","","All countries  All --- All  ","15","ANIMAL OR VEGETABLE FATS AND OILS AND THEIR CLEAVA",2002,,,"AHS",10,12.32,0,100,685,17,144,,,11.41,
"HS","HS","","All countries  All --- All  ","15","ANIMAL OR VEGETABLE FATS AND OILS AND THEIR CLEAVA",2003,,,"AHS",10.75,14.61,0,100,688,22,167,,,12.88,
"HS","HS","","All countries  All --- All  ","15","ANIMAL OR VEGETABLE FATS AND OILS AND THEIR CLEAVA",2004,,,"AHS",8.69,13.7,0,100,677,16,105,,,9.88,
"HS","HS","","All countries  All --- All  ","15","ANIMAL OR VEGETABLE FATS AND OILS AND THEIR CLEAVA",2005,,,"AHS",8.94,12,0,100,819,16,125,,,9.7,
"HS","HS","","All countries  All --- All  ","15","ANIMAL OR VEGETABLE FATS AND OILS AND THEIR CLEAVA",2006,,,"AHS",9.69,17.88,0,150,832,23,114,,,10.27,
"HS","HS","","All countries  All --- All  ","15","ANIMAL OR VEGETABLE FATS AND OILS AND THEIR CLEAVA",2007,,,"AHS",9.05,12.3,0,100,950,35,136,,,8.89,
"HS","HS","","All countries  All --- All  ","15","ANIMAL OR VEGETABLE FATS AND OILS AND THEIR CLEAVA",2008,,,"AHS",8.83,9.3,0,100,906,21,144,,,8.79,
"HS","HS","","All countries  All --- All  ","15","ANIMAL OR VEGETABLE FATS AND OILS AND THEIR CLEAVA",2009,,,"AHS",9.19,11.91,0,100,900,37,127,,,9.43,
"HS","HS","","All countries  All --- All  ","15","ANIMAL OR VEGETABLE FATS AND OILS AND THEIR CLEAVA",2010,,,"AHS",9.46,9.06,0,46.8,1031,46,122,,,8.51,
"HS","HS","","All countries  All --- All  ","15","ANIMAL OR VEGETABLE FATS AND OILS AND THEIR CLEAVA",2011,,,"AHS",9.36,10.55,0,46.8,1002,58,133,,,8.57,
"HS","HS","","All countries  All --- All  ","15","ANIMAL OR VEGETABLE FATS AND OILS AND THEIR CLEAVA",2012,,,"AHS",8.32,18.45,0,143,912,55,134,,,9.62,
"HS","HS","","All countries  All --- All  ","15","ANIMAL OR VEGETABLE FATS AND OILS AND THEIR CLEAVA",2013,,,"AHS",9.45,18.53,0,143,1023,92,184,,,11.63,
"HS","HS","","All countries  All --- All  ","15","ANIMAL OR VEGETABLE FATS AND OILS AND THEIR CLEAVA",2014,,,"AHS",8.26,16.65,0,143,886,37,98,,,9.26,
"HS","HS","","All countries  All --- All  ","15","ANIMAL OR VEGETABLE FATS AND OILS AND THEIR CLEAVA",2015,,,"AHS",8.22,16.41,0,143,1013,61,122,,,9.41,
"HS","HS","","All countries  All --- All  ","15","ANIMAL OR VEGETABLE FATS AND OILS AND THEIR CLEAVA",2016,,,"AHS",8.03,16.62,0,143,1148,56,129,,,8.81,
"HS","HS","","All countries  All --- All  ","15","ANIMAL OR VEGETABLE FATS AND OILS AND THEIR CLEAVA",2017,,,"AHS",6.06,10.66,0,100,955,29,47,,,6.53,
"HS","HS","","All countries  All --- All  ","15","ANIMAL OR VEGETABLE FATS AND OILS AND THEIR CLEAVA",2018,,,"AHS",7.33,13.02,0,100,779,37,49,,,7.77,
